{"inputUnits":[34],"outputUnits":2,"inputs":{"0":{"dtype":"number","min":361.18473691235255,"max":659.6750531029609},"1":{"dtype":"number","min":48.42050990241975,"max":97.4644001170355},"2":{"dtype":"number","min":370.02714758253285,"max":655.4169116780915},"3":{"dtype":"number","min":38.75265663236031,"max":90.76115827152236},"4":{"dtype":"number","min":352.9189784424778,"max":657.9615682757782},"5":{"dtype":"number","min":38.90477859556444,"max":88.72034451377067},"6":{"dtype":"number","min":384.1038281629985,"max":658.4979984268604},"7":{"dtype":"number","min":47.6496673465239,"max":97.51303943678562},"8":{"dtype":"number","min":339.01511700700695,"max":651.992151876368},"9":{"dtype":"number","min":47.66077954481548,"max":93.85668446581653},"10":{"dtype":"number","min":393.90506907659744,"max":648.2023840284534},"11":{"dtype":"number","min":88.22432165479844,"max":140.5664727474465},"12":{"dtype":"number","min":313.9801723020086,"max":641.9201574065806},"13":{"dtype":"number","min":83.84259888170294,"max":141.47398002416708},"14":{"dtype":"number","min":402.11292103570725,"max":663.9094015039823},"15":{"dtype":"number","min":156.80756001157056,"max":234.81327427964266},"16":{"dtype":"number","min":279.09164399024576,"max":621.2843589931147},"17":{"dtype":"number","min":151.63170068644365,"max":205.4349087370045},"18":{"dtype":"number","min":357.44072272156,"max":647.6570159080892},"19":{"dtype":"number","min":139.2154251276751,"max":262.4672405079645},"20":{"dtype":"number","min":229.33084094570768,"max":608.7955721250304},"21":{"dtype":"number","min":147.4158213574599,"max":262.1725843852596},"22":{"dtype":"number","min":371.7527135707989,"max":659.58468307317},"23":{"dtype":"number","min":213.56200103166037,"max":253.82719522320343},"24":{"dtype":"number","min":323.78552032351956,"max":650.2432607212883},"25":{"dtype":"number","min":217.11238757181724,"max":252.88871201095878},"26":{"dtype":"number","min":360.5970658773578,"max":638.6340899782886},"27":{"dtype":"number","min":311.44517475528943,"max":343.90249408172724},"28":{"dtype":"number","min":322.2786774987841,"max":638.2902729464876},"29":{"dtype":"number","min":308.60775839957745,"max":347.34979770526814},"30":{"dtype":"number","min":350.9237148418501,"max":641.711665053312},"31":{"dtype":"number","min":401.1849729189149,"max":427.2324938347368},"32":{"dtype":"number","min":318.5379542079881,"max":589.4357578856471},"33":{"dtype":"number","min":404.85986494368615,"max":427.65201078778574}},"outputs":{"label":{"dtype":"string","min":0,"max":1,"uniqueValues":["namaste","fail"],"legend":{"namaste":[1,0],"fail":[0,1]}}},"isNormalized":true}