{"inputUnits":[34],"outputUnits":5,"inputs":{"0":{"dtype":"number","min":-29.20142979009606,"max":523.6315057064309},"1":{"dtype":"number","min":16.149883344479576,"max":420.51915743935433},"2":{"dtype":"number","min":3.8838831088886185,"max":548.1906798841425},"3":{"dtype":"number","min":9.604119326817852,"max":379.9974920963035},"4":{"dtype":"number","min":-37.04143598385822,"max":526.4464542374072},"5":{"dtype":"number","min":18.93277535642632,"max":382.6699223499818},"6":{"dtype":"number","min":57.25843140123419,"max":570.1573353333232},"7":{"dtype":"number","min":38.38238771787414,"max":384.1959366260336},"8":{"dtype":"number","min":-59.435631421753406,"max":509.7769218474511},"9":{"dtype":"number","min":25.295954010366003,"max":363.8354990918349},"10":{"dtype":"number","min":95.94318909403879,"max":580.9595035300645},"11":{"dtype":"number","min":129.20915418097945,"max":525.9664893243099},"12":{"dtype":"number","min":-25.99321298562135,"max":522.007237890815},"13":{"dtype":"number","min":58.47664324689933,"max":546.6091598332624},"14":{"dtype":"number","min":106.74826417915553,"max":658.0823347633451},"15":{"dtype":"number","min":82.02724115393968,"max":586.4592009666829},"16":{"dtype":"number","min":-56.68488855027967,"max":566.4023017141142},"17":{"dtype":"number","min":85.23971142008148,"max":573.3015127219115},"18":{"dtype":"number","min":64.26409650869407,"max":647.677805859755},"19":{"dtype":"number","min":48.52074530338035,"max":578.4018003708658},"20":{"dtype":"number","min":-42.72106126124757,"max":573.9375121120349},"21":{"dtype":"number","min":57.32025740211577,"max":572.7047302008602},"22":{"dtype":"number","min":34.70278431933214,"max":598.8793075502151},"23":{"dtype":"number","min":279.99933458023963,"max":586.2318960701909},"24":{"dtype":"number","min":7.498005076605058,"max":575.2949375493981},"25":{"dtype":"number","min":280.4563108214145,"max":579.1671788553319},"26":{"dtype":"number","min":39.97846426203093,"max":583.2381549048516},"27":{"dtype":"number","min":310.58712851676495,"max":587.6476955784898},"28":{"dtype":"number","min":28.001800418363935,"max":568.9910888671875},"29":{"dtype":"number","min":349.83840111164733,"max":578.696555052286},"30":{"dtype":"number","min":37.373652625176696,"max":614.6222090071741},"31":{"dtype":"number","min":377.79273244657406,"max":583.5322493616245},"32":{"dtype":"number","min":33.054639764333054,"max":567.6355324830527},"33":{"dtype":"number","min":410.9562985906341,"max":577.4986510517996}},"outputs":{"label":{"dtype":"string","min":0,"max":1,"uniqueValues":["tadasana","vrikshasana","Kursiasana","Virabhadrasana","failed"],"legend":{"tadasana":[1,0,0,0,0],"vrikshasana":[0,1,0,0,0],"Kursiasana":[0,0,1,0,0],"Virabhadrasana":[0,0,0,1,0],"failed":[0,0,0,0,1]}}},"isNormalized":true}