{"inputUnits":[34],"outputUnits":2,"inputs":{"0":{"dtype":"number","min":291.5541605077365,"max":454.87706878305875},"1":{"dtype":"number","min":238.5146805284552,"max":271.5178635890382},"2":{"dtype":"number","min":318.8012809790526,"max":485.8581008614269},"3":{"dtype":"number","min":209.9586492753678,"max":243.74902688111774},"4":{"dtype":"number","min":260.3973887402724,"max":427.768687682393},"5":{"dtype":"number","min":207.00299927232794,"max":245.09118996705524},"6":{"dtype":"number","min":348.20296469365576,"max":526.4694172306283},"7":{"dtype":"number","min":225.8836667546966,"max":251.35610736297724},"8":{"dtype":"number","min":225.30976054269516,"max":392.65721065061103},"9":{"dtype":"number","min":223.10130672232185,"max":255.482443724161},"10":{"dtype":"number","min":389.7640059059232,"max":589.1785380441391},"11":{"dtype":"number","min":321.0635744087427,"max":383.3085270150626},"12":{"dtype":"number","min":158.05451745652968,"max":329.21903736396524},"13":{"dtype":"number","min":326.8170902237354,"max":371.3149062575997},"14":{"dtype":"number","min":522.4060201088279,"max":640.9198760986328},"15":{"dtype":"number","min":392.75442041775597,"max":570.4120633017692},"16":{"dtype":"number","min":17.838904236077333,"max":133.90880540187257},"17":{"dtype":"number","min":372.55531400094236,"max":561.3929324020207},"18":{"dtype":"number","min":436.1947257787801,"max":628.1164141109482},"19":{"dtype":"number","min":85.21004405930813,"max":577.5953383390078},"20":{"dtype":"number","min":93.97628368570648,"max":219.428300078277},"21":{"dtype":"number","min":136.71265835891901,"max":560.4356675203672},"22":{"dtype":"number","min":392.0389803281554,"max":551.8064577570221},"23":{"dtype":"number","min":567.4463840588521,"max":596.43088255411},"24":{"dtype":"number","min":195.9916722635351,"max":327.7229077528423},"25":{"dtype":"number","min":563.3679217030566,"max":590.4805129233038},"26":{"dtype":"number","min":405.5847815131399,"max":532.839216536585},"27":{"dtype":"number","min":547.1835505266598,"max":576.9892212389044},"28":{"dtype":"number","min":156.35546732505472,"max":321.5316062956932},"29":{"dtype":"number","min":550.317202319431,"max":566.4744170073869},"30":{"dtype":"number","min":398.84831513876117,"max":524.5738315211196},"31":{"dtype":"number","min":553.414850494741,"max":576.7970733048851},"32":{"dtype":"number","min":155.57254776416585,"max":315.6204615492765},"33":{"dtype":"number","min":549.8896593620805,"max":572.4963367031706}},"outputs":{"label":{"dtype":"string","min":0,"max":1,"uniqueValues":["Right","Left"],"legend":{"Right":[1,0],"Left":[0,1]}}},"isNormalized":true}