{"inputUnits":[34],"outputUnits":2,"inputs":{"0":{"dtype":"number","min":314.7674548672331,"max":394.0965621295142},"1":{"dtype":"number","min":122.45192531481791,"max":143.4860550104876},"2":{"dtype":"number","min":325.1587020933396,"max":405.82725376470546},"3":{"dtype":"number","min":113.73898992278697,"max":134.16379461028697},"4":{"dtype":"number","min":303.74834825092717,"max":384.7019216337093},"5":{"dtype":"number","min":111.16024804022527,"max":131.24453295993433},"6":{"dtype":"number","min":341.5842660391841,"max":420.189602031782},"7":{"dtype":"number","min":124.67052296441818,"max":140.98216728477627},"8":{"dtype":"number","min":287.07019731692304,"max":366.0098533778803},"9":{"dtype":"number","min":123.42967853471927,"max":141.68975592587245},"10":{"dtype":"number","min":364.2087569774821,"max":441.68194128845454},"11":{"dtype":"number","min":178.41035479237598,"max":202.3397548096653},"12":{"dtype":"number","min":262.9899496234345,"max":339.73301750212795},"13":{"dtype":"number","min":175.57010160809824,"max":196.14401286678094},"14":{"dtype":"number","min":382.6631989831591,"max":460.18291310113693},"15":{"dtype":"number","min":154.88786986829706,"max":303.9429660901021},"16":{"dtype":"number","min":236.66237411795888,"max":315.5570874047187},"17":{"dtype":"number","min":158.93955174123266,"max":286.97552810847066},"18":{"dtype":"number","min":379.4595811895823,"max":478.0805028922827},"19":{"dtype":"number","min":109.33337319221943,"max":393.509231745501},"20":{"dtype":"number","min":219.00970221493495,"max":331.1309719456773},"21":{"dtype":"number","min":120.07173360089848,"max":366.4932351910187},"22":{"dtype":"number","min":338.7564276906767,"max":411.53039360788546},"23":{"dtype":"number","min":337.6809585511916,"max":378.32475595437137},"24":{"dtype":"number","min":266.6521136213369,"max":340.32095705024926},"25":{"dtype":"number","min":336.06094300978845,"max":372.81226369657406},"26":{"dtype":"number","min":331.68690959767144,"max":403.1306175499111},"27":{"dtype":"number","min":454.8476139766233,"max":525.9658575985683},"28":{"dtype":"number","min":262.9590437477201,"max":366.9500204004666},"29":{"dtype":"number","min":454.78146564171936,"max":537.0216090577122},"30":{"dtype":"number","min":328.14421123103875,"max":392.806399453011},"31":{"dtype":"number","min":547.1538534795264,"max":574.3670583049611},"32":{"dtype":"number","min":257.39446380259,"max":348.39650313677953},"33":{"dtype":"number","min":546.8933699195951,"max":572.6653601501703}},"outputs":{"0":{"dtype":"string","min":0,"max":1,"uniqueValues":["test1","test2"],"legend":{"test1":[1,0],"test2":[0,1]}}},"isNormalized":true}