{"inputUnits":[34],"outputUnits":2,"inputs":{"0":{"dtype":"number","min":275.9089939696316,"max":346.5682496542133},"1":{"dtype":"number","min":229.3438738514941,"max":260.87224463080616},"2":{"dtype":"number","min":295.8966776925766,"max":367.76086235788546},"3":{"dtype":"number","min":205.09556633025295,"max":236.0400577649068},"4":{"dtype":"number","min":262.7293971911479,"max":342.2503495865759},"5":{"dtype":"number","min":202.09863091257296,"max":235.95165920628648},"6":{"dtype":"number","min":308.0166946589251,"max":397.37110479332597},"7":{"dtype":"number","min":207.56469667189782,"max":239.90555009953243},"8":{"dtype":"number","min":222.3212358645428,"max":311.27746819522133},"9":{"dtype":"number","min":202.67696276712974,"max":237.03740324027808},"10":{"dtype":"number","min":376.9804317014227,"max":432.1530299798988},"11":{"dtype":"number","min":290.3726564399927,"max":321.7808140854891},"12":{"dtype":"number","min":180.09878195677285,"max":247.69481376915127},"13":{"dtype":"number","min":287.5151738860728,"max":339.02916340512525},"14":{"dtype":"number","min":509.6083585390321,"max":565.5249284677468},"15":{"dtype":"number","min":160.90246222826295,"max":434.29656982421875},"16":{"dtype":"number","min":48.79281248100073,"max":135.15545678045964},"17":{"dtype":"number","min":129.5317902917528,"max":442.3938843248419},"18":{"dtype":"number","min":328.48249264728236,"max":444.4815716576484},"19":{"dtype":"number","min":100.18747292603965,"max":456.1393351870288},"20":{"dtype":"number","min":196.59514549641295,"max":315.27837256049366},"21":{"dtype":"number","min":84.01124709311162,"max":456.7301875607976},"22":{"dtype":"number","min":385.4085258751064,"max":563.6270984694188},"23":{"dtype":"number","min":525.7692359300903,"max":596.1570318199781},"24":{"dtype":"number","min":202.42090544348096,"max":259.19301192584203},"25":{"dtype":"number","min":533.2923479488388,"max":579.8134034153088},"26":{"dtype":"number","min":376.45680468370017,"max":598.9057773189322},"27":{"dtype":"number","min":477.9647886521158,"max":607.2694058548152},"28":{"dtype":"number","min":47.90423322744407,"max":273.1158607571969},"29":{"dtype":"number","min":420.13903191117464,"max":584.7041861092534},"30":{"dtype":"number","min":347.7445206104086,"max":572.0272340292133},"31":{"dtype":"number","min":425.02722120470577,"max":600.2998417360774},"32":{"dtype":"number","min":34.898158270097426,"max":285.62467998103875},"33":{"dtype":"number","min":412.1526909616671,"max":584.4401912466561}},"outputs":{"0":{"dtype":"string","min":0,"max":1,"uniqueValues":["hands down","hands up"],"legend":{"hands down":[1,0],"hands up":[0,1]}}},"isNormalized":true}