{"inputUnits":[34],"outputUnits":2,"inputs":{"0":{"dtype":"number","min":301.148808698246,"max":470.4400231031128},"1":{"dtype":"number","min":106.79772046753405,"max":190.47230167611565},"2":{"dtype":"number","min":329.159594584068,"max":506.81895927696377},"3":{"dtype":"number","min":79.68799720942278,"max":169.47159466576483},"4":{"dtype":"number","min":271.805023905832,"max":445.69679171194826},"5":{"dtype":"number","min":76.9827556981187,"max":155.67352324608234},"6":{"dtype":"number","min":373.6176938305569,"max":552.9284896553722},"7":{"dtype":"number","min":122.72470615253374,"max":186.6466786425401},"8":{"dtype":"number","min":244.00177091012205,"max":391.1201298932621},"9":{"dtype":"number","min":109.94814802236596,"max":164.56159539723674},"10":{"dtype":"number","min":441.5497693013588,"max":616.5079400326027},"11":{"dtype":"number","min":250.49724415582443,"max":323.56338144740243},"12":{"dtype":"number","min":198.1021373466759,"max":293.3363716333293},"13":{"dtype":"number","min":226.18695685835667,"max":285.73025180208083},"14":{"dtype":"number","min":569.770628932849,"max":642.8358655402633},"15":{"dtype":"number","min":398.9398946650761,"max":583.4297316733038},"16":{"dtype":"number","min":-23.42469686664032,"max":85.81991351532102},"17":{"dtype":"number","min":268.2102461640473,"max":451.60760426799607},"18":{"dtype":"number","min":347.34968727200874,"max":581.3144894611047},"19":{"dtype":"number","min":363.88523443199784,"max":570.242509062652},"20":{"dtype":"number","min":-9.83544910000456,"max":305.20333494193824},"21":{"dtype":"number","min":128.82394991032345,"max":392.90226620922755},"22":{"dtype":"number","min":411.25457882417317,"max":516.1922062974032},"23":{"dtype":"number","min":511.68698856338915,"max":592.8655245888558},"24":{"dtype":"number","min":208.3828379115242,"max":285.9798849974161},"25":{"dtype":"number","min":509.6628983197045,"max":545.8662907344358},"26":{"dtype":"number","min":309.3214434315722,"max":537.2608051225833},"27":{"dtype":"number","min":510.5793780018847,"max":580.8380483189445},"28":{"dtype":"number","min":197.51115984489945,"max":309.00190182696986},"29":{"dtype":"number","min":524.1753509165248,"max":603.0170413956104},"30":{"dtype":"number","min":275.8474416769896,"max":561.1264901959015},"31":{"dtype":"number","min":548.2168282237963,"max":576.172551849009},"32":{"dtype":"number","min":202.47257069391037,"max":321.57638045136565},"33":{"dtype":"number","min":541.5349237464281,"max":564.142924505449}},"outputs":{"label":{"dtype":"string","min":0,"max":1,"uniqueValues":["Namaste","Salute"],"legend":{"Namaste":[1,0],"Salute":[0,1]}}},"isNormalized":true}