{"inputUnits":[34],"outputUnits":4,"inputs":{"0":{"dtype":"number","min":257.83043174892083,"max":357.93635928677213},"1":{"dtype":"number","min":28.404484017813715,"max":104.16655187940782},"2":{"dtype":"number","min":268.24366350582136,"max":371.19578439437925},"3":{"dtype":"number","min":20.645320907177165,"max":90.83907546700206},"4":{"dtype":"number","min":249.91216043553928,"max":342.5810176389227},"5":{"dtype":"number","min":21.05579539495683,"max":89.87782519151264},"6":{"dtype":"number","min":281.192241327308,"max":391.4555032336758},"7":{"dtype":"number","min":25.675908545111866,"max":102.26396256383754},"8":{"dtype":"number","min":239.39786666098271,"max":323.97550887170934},"9":{"dtype":"number","min":26.577997467397253,"max":99.68432712183852},"10":{"dtype":"number","min":301.8730323880563,"max":414.4497870656767},"11":{"dtype":"number","min":76.61076824024957,"max":176.32822118380653},"12":{"dtype":"number","min":217.84279908651507,"max":282.92081009089253},"13":{"dtype":"number","min":72.31958114683397,"max":183.83345429535507},"14":{"dtype":"number","min":318.6887654859268,"max":465.5117512862506},"15":{"dtype":"number","min":137.7521321931238,"max":313.2531043620425},"16":{"dtype":"number","min":190.6453387189932,"max":257.7799328755776},"17":{"dtype":"number","min":137.07388198793166,"max":313.43558760468596},"18":{"dtype":"number","min":290.12906204401753,"max":553.9013196893239},"19":{"dtype":"number","min":121.99525528844691,"max":407.947862083346},"20":{"dtype":"number","min":143.15322460367523,"max":275.0143230749939},"21":{"dtype":"number","min":130.60328620880958,"max":403.604573646872},"22":{"dtype":"number","min":288.9863188628557,"max":375.95803227406066},"23":{"dtype":"number","min":198.100433646473,"max":359.2913770861199},"24":{"dtype":"number","min":238.75734060190996,"max":302.4380077555022},"25":{"dtype":"number","min":198.6768107284368,"max":370.25115966796875},"26":{"dtype":"number","min":271.91361067360015,"max":484.17307397270946},"27":{"dtype":"number","min":278.97325014789743,"max":428.8256099715771},"28":{"dtype":"number","min":105.47764165856032,"max":260.03196627249514},"29":{"dtype":"number","min":264.62336915012463,"max":464.798838099617},"30":{"dtype":"number","min":252.74580187370805,"max":453.0204030790218},"31":{"dtype":"number","min":353.1839309870501,"max":522.0638806532329},"32":{"dtype":"number","min":135.4709741020945,"max":343.3764054710299},"33":{"dtype":"number","min":342.3710436394243,"max":554.2194805813207}},"outputs":{"0":{"dtype":"string","min":0,"max":1,"uniqueValues":["tadasana","Vrikshasana","Baddha Koṇāsana","sukhasana"],"legend":{"tadasana":[1,0,0,0],"Vrikshasana":[0,1,0,0],"Baddha Koṇāsana":[0,0,1,0],"sukhasana":[0,0,0,1]}}},"isNormalized":true}